<?xml version="1.0" encoding="UTF-8"?>
<spirit:component xmlns:xilinx="http://www.xilinx.com" xmlns:spirit="http://www.spiritconsortium.org/XMLSchema/SPIRIT/1685-2009" xmlns:xsi="http://www.w3.org/2001/XMLSchema-instance">
  <spirit:vendor>wiresboy.github.io</spirit:vendor>
  <spirit:library>Brandon</spirit:library>
  <spirit:name>axi_ro_control</spirit:name>
  <spirit:version>1.0.2</spirit:version>
  <spirit:busInterfaces>
    <spirit:busInterface>
      <spirit:name>S00_AXI</spirit:name>
      <spirit:busType spirit:vendor="xilinx.com" spirit:library="interface" spirit:name="aximm" spirit:version="1.0"/>
      <spirit:abstractionType spirit:vendor="xilinx.com" spirit:library="interface" spirit:name="aximm_rtl" spirit:version="1.0"/>
      <spirit:slave>
        <spirit:memoryMapRef spirit:memoryMapRef="S00_AXI"/>
      </spirit:slave>
      <spirit:portMaps>
        <spirit:portMap>
          <spirit:logicalPort>
            <spirit:name>AWADDR</spirit:name>
          </spirit:logicalPort>
          <spirit:physicalPort>
            <spirit:name>s00_axi_awaddr</spirit:name>
          </spirit:physicalPort>
        </spirit:portMap>
        <spirit:portMap>
          <spirit:logicalPort>
            <spirit:name>AWPROT</spirit:name>
          </spirit:logicalPort>
          <spirit:physicalPort>
            <spirit:name>s00_axi_awprot</spirit:name>
          </spirit:physicalPort>
        </spirit:portMap>
        <spirit:portMap>
          <spirit:logicalPort>
            <spirit:name>AWVALID</spirit:name>
          </spirit:logicalPort>
          <spirit:physicalPort>
            <spirit:name>s00_axi_awvalid</spirit:name>
          </spirit:physicalPort>
        </spirit:portMap>
        <spirit:portMap>
          <spirit:logicalPort>
            <spirit:name>AWREADY</spirit:name>
          </spirit:logicalPort>
          <spirit:physicalPort>
            <spirit:name>s00_axi_awready</spirit:name>
          </spirit:physicalPort>
        </spirit:portMap>
        <spirit:portMap>
          <spirit:logicalPort>
            <spirit:name>WDATA</spirit:name>
          </spirit:logicalPort>
          <spirit:physicalPort>
            <spirit:name>s00_axi_wdata</spirit:name>
          </spirit:physicalPort>
        </spirit:portMap>
        <spirit:portMap>
          <spirit:logicalPort>
            <spirit:name>WSTRB</spirit:name>
          </spirit:logicalPort>
          <spirit:physicalPort>
            <spirit:name>s00_axi_wstrb</spirit:name>
          </spirit:physicalPort>
        </spirit:portMap>
        <spirit:portMap>
          <spirit:logicalPort>
            <spirit:name>WVALID</spirit:name>
          </spirit:logicalPort>
          <spirit:physicalPort>
            <spirit:name>s00_axi_wvalid</spirit:name>
          </spirit:physicalPort>
        </spirit:portMap>
        <spirit:portMap>
          <spirit:logicalPort>
            <spirit:name>WREADY</spirit:name>
          </spirit:logicalPort>
          <spirit:physicalPort>
            <spirit:name>s00_axi_wready</spirit:name>
          </spirit:physicalPort>
        </spirit:portMap>
        <spirit:portMap>
          <spirit:logicalPort>
            <spirit:name>BRESP</spirit:name>
          </spirit:logicalPort>
          <spirit:physicalPort>
            <spirit:name>s00_axi_bresp</spirit:name>
          </spirit:physicalPort>
        </spirit:portMap>
        <spirit:portMap>
          <spirit:logicalPort>
            <spirit:name>BVALID</spirit:name>
          </spirit:logicalPort>
          <spirit:physicalPort>
            <spirit:name>s00_axi_bvalid</spirit:name>
          </spirit:physicalPort>
        </spirit:portMap>
        <spirit:portMap>
          <spirit:logicalPort>
            <spirit:name>BREADY</spirit:name>
          </spirit:logicalPort>
          <spirit:physicalPort>
            <spirit:name>s00_axi_bready</spirit:name>
          </spirit:physicalPort>
        </spirit:portMap>
        <spirit:portMap>
          <spirit:logicalPort>
            <spirit:name>ARADDR</spirit:name>
          </spirit:logicalPort>
          <spirit:physicalPort>
            <spirit:name>s00_axi_araddr</spirit:name>
          </spirit:physicalPort>
        </spirit:portMap>
        <spirit:portMap>
          <spirit:logicalPort>
            <spirit:name>ARPROT</spirit:name>
          </spirit:logicalPort>
          <spirit:physicalPort>
            <spirit:name>s00_axi_arprot</spirit:name>
          </spirit:physicalPort>
        </spirit:portMap>
        <spirit:portMap>
          <spirit:logicalPort>
            <spirit:name>ARVALID</spirit:name>
          </spirit:logicalPort>
          <spirit:physicalPort>
            <spirit:name>s00_axi_arvalid</spirit:name>
          </spirit:physicalPort>
        </spirit:portMap>
        <spirit:portMap>
          <spirit:logicalPort>
            <spirit:name>ARREADY</spirit:name>
          </spirit:logicalPort>
          <spirit:physicalPort>
            <spirit:name>s00_axi_arready</spirit:name>
          </spirit:physicalPort>
        </spirit:portMap>
        <spirit:portMap>
          <spirit:logicalPort>
            <spirit:name>RDATA</spirit:name>
          </spirit:logicalPort>
          <spirit:physicalPort>
            <spirit:name>s00_axi_rdata</spirit:name>
          </spirit:physicalPort>
        </spirit:portMap>
        <spirit:portMap>
          <spirit:logicalPort>
            <spirit:name>RRESP</spirit:name>
          </spirit:logicalPort>
          <spirit:physicalPort>
            <spirit:name>s00_axi_rresp</spirit:name>
          </spirit:physicalPort>
        </spirit:portMap>
        <spirit:portMap>
          <spirit:logicalPort>
            <spirit:name>RVALID</spirit:name>
          </spirit:logicalPort>
          <spirit:physicalPort>
            <spirit:name>s00_axi_rvalid</spirit:name>
          </spirit:physicalPort>
        </spirit:portMap>
        <spirit:portMap>
          <spirit:logicalPort>
            <spirit:name>RREADY</spirit:name>
          </spirit:logicalPort>
          <spirit:physicalPort>
            <spirit:name>s00_axi_rready</spirit:name>
          </spirit:physicalPort>
        </spirit:portMap>
      </spirit:portMaps>
      <spirit:parameters>
        <spirit:parameter>
          <spirit:name>WIZ_DATA_WIDTH</spirit:name>
          <spirit:value spirit:format="long" spirit:id="BUSIFPARAM_VALUE.S00_AXI.WIZ_DATA_WIDTH" spirit:choiceRef="choice_list_6fc15197">32</spirit:value>
        </spirit:parameter>
        <spirit:parameter>
          <spirit:name>WIZ_NUM_REG</spirit:name>
          <spirit:value spirit:format="long" spirit:id="BUSIFPARAM_VALUE.S00_AXI.WIZ_NUM_REG" spirit:minimum="4" spirit:maximum="512" spirit:rangeType="long">8</spirit:value>
        </spirit:parameter>
        <spirit:parameter>
          <spirit:name>SUPPORTS_NARROW_BURST</spirit:name>
          <spirit:value spirit:format="long" spirit:id="BUSIFPARAM_VALUE.S00_AXI.SUPPORTS_NARROW_BURST" spirit:choiceRef="choice_pairs_ce1226b1">0</spirit:value>
        </spirit:parameter>
      </spirit:parameters>
    </spirit:busInterface>
    <spirit:busInterface>
      <spirit:name>S00_AXI_RST</spirit:name>
      <spirit:busType spirit:vendor="xilinx.com" spirit:library="signal" spirit:name="reset" spirit:version="1.0"/>
      <spirit:abstractionType spirit:vendor="xilinx.com" spirit:library="signal" spirit:name="reset_rtl" spirit:version="1.0"/>
      <spirit:slave/>
      <spirit:portMaps>
        <spirit:portMap>
          <spirit:logicalPort>
            <spirit:name>RST</spirit:name>
          </spirit:logicalPort>
          <spirit:physicalPort>
            <spirit:name>s00_axi_aresetn</spirit:name>
          </spirit:physicalPort>
        </spirit:portMap>
      </spirit:portMaps>
      <spirit:parameters>
        <spirit:parameter>
          <spirit:name>POLARITY</spirit:name>
          <spirit:value spirit:id="BUSIFPARAM_VALUE.S00_AXI_RST.POLARITY" spirit:choiceRef="choice_list_9d8b0d81">ACTIVE_LOW</spirit:value>
        </spirit:parameter>
      </spirit:parameters>
    </spirit:busInterface>
    <spirit:busInterface>
      <spirit:name>S00_AXI_CLK</spirit:name>
      <spirit:busType spirit:vendor="xilinx.com" spirit:library="signal" spirit:name="clock" spirit:version="1.0"/>
      <spirit:abstractionType spirit:vendor="xilinx.com" spirit:library="signal" spirit:name="clock_rtl" spirit:version="1.0"/>
      <spirit:slave/>
      <spirit:portMaps>
        <spirit:portMap>
          <spirit:logicalPort>
            <spirit:name>CLK</spirit:name>
          </spirit:logicalPort>
          <spirit:physicalPort>
            <spirit:name>s00_axi_aclk</spirit:name>
          </spirit:physicalPort>
        </spirit:portMap>
      </spirit:portMaps>
      <spirit:parameters>
        <spirit:parameter>
          <spirit:name>ASSOCIATED_BUSIF</spirit:name>
          <spirit:value spirit:id="BUSIFPARAM_VALUE.S00_AXI_CLK.ASSOCIATED_BUSIF">S00_AXI</spirit:value>
        </spirit:parameter>
        <spirit:parameter>
          <spirit:name>ASSOCIATED_RESET</spirit:name>
          <spirit:value spirit:id="BUSIFPARAM_VALUE.S00_AXI_CLK.ASSOCIATED_RESET">s00_axi_aresetn</spirit:value>
        </spirit:parameter>
      </spirit:parameters>
    </spirit:busInterface>
    <spirit:busInterface>
      <spirit:name>ro_rst</spirit:name>
      <spirit:busType spirit:vendor="xilinx.com" spirit:library="signal" spirit:name="reset" spirit:version="1.0"/>
      <spirit:abstractionType spirit:vendor="xilinx.com" spirit:library="signal" spirit:name="reset_rtl" spirit:version="1.0"/>
      <spirit:master/>
      <spirit:portMaps>
        <spirit:portMap>
          <spirit:logicalPort>
            <spirit:name>RST</spirit:name>
          </spirit:logicalPort>
          <spirit:physicalPort>
            <spirit:name>ro_rst</spirit:name>
          </spirit:physicalPort>
        </spirit:portMap>
      </spirit:portMaps>
    </spirit:busInterface>
  </spirit:busInterfaces>
  <spirit:memoryMaps>
    <spirit:memoryMap>
      <spirit:name>S00_AXI</spirit:name>
      <spirit:addressBlock>
        <spirit:name>S00_AXI_reg</spirit:name>
        <spirit:baseAddress spirit:format="long" spirit:resolve="user">0</spirit:baseAddress>
        <spirit:range spirit:format="long">4096</spirit:range>
        <spirit:width spirit:format="long">32</spirit:width>
        <spirit:usage>register</spirit:usage>
        <spirit:parameters>
          <spirit:parameter>
            <spirit:name>OFFSET_BASE_PARAM</spirit:name>
            <spirit:value spirit:id="ADDRBLOCKPARAM_VALUE.S00_AXI.S00_AXI_REG.OFFSET_BASE_PARAM">C_S00_AXI_BASEADDR</spirit:value>
          </spirit:parameter>
          <spirit:parameter>
            <spirit:name>OFFSET_HIGH_PARAM</spirit:name>
            <spirit:value spirit:id="ADDRBLOCKPARAM_VALUE.S00_AXI.S00_AXI_REG.OFFSET_HIGH_PARAM">C_S00_AXI_HIGHADDR</spirit:value>
          </spirit:parameter>
        </spirit:parameters>
        <spirit:register>
          <spirit:name>RO_Quantity_Control</spirit:name>
          <spirit:addressOffset>0x000</spirit:addressOffset>
          <spirit:size spirit:format="long">4</spirit:size>
          <spirit:volatile>true</spirit:volatile>
          <spirit:parameters>
            <spirit:parameter>
              <spirit:name>cycles_per_integration</spirit:name>
              <spirit:displayName>Cycles per integration</spirit:displayName>
              <spirit:description>Cycles per integration</spirit:description>
              <spirit:value spirit:format="bitString" spirit:bitStringLength="16">2</spirit:value>
            </spirit:parameter>
            <spirit:parameter>
              <spirit:name>num_ro_enabled</spirit:name>
              <spirit:displayName>Number of RO enabled</spirit:displayName>
              <spirit:description>Number of RO enabled</spirit:description>
              <spirit:value spirit:format="bitString" spirit:bitStringLength="16">1</spirit:value>
            </spirit:parameter>
          </spirit:parameters>
        </spirit:register>
        <spirit:register>
          <spirit:name>Power_Virus_Control</spirit:name>
          <spirit:addressOffset>0x004</spirit:addressOffset>
          <spirit:size spirit:format="long">4</spirit:size>
          <spirit:volatile>true</spirit:volatile>
        </spirit:register>
        <spirit:register>
          <spirit:name>Mode</spirit:name>
          <spirit:addressOffset>0x008</spirit:addressOffset>
          <spirit:size spirit:format="long">4</spirit:size>
          <spirit:volatile>true</spirit:volatile>
        </spirit:register>
        <spirit:register>
          <spirit:name>Control</spirit:name>
          <spirit:addressOffset>0x01C</spirit:addressOffset>
          <spirit:size spirit:format="long">4</spirit:size>
          <spirit:volatile>true</spirit:volatile>
        </spirit:register>
      </spirit:addressBlock>
    </spirit:memoryMap>
  </spirit:memoryMaps>
  <spirit:model>
    <spirit:views>
      <spirit:view>
        <spirit:name>xilinx_verilogsynthesis</spirit:name>
        <spirit:displayName>Verilog Synthesis</spirit:displayName>
        <spirit:envIdentifier>verilogSource:vivado.xilinx.com:synthesis</spirit:envIdentifier>
        <spirit:language>verilog</spirit:language>
        <spirit:modelName>axi_ro_v1_0</spirit:modelName>
        <spirit:fileSetRef>
          <spirit:localName>xilinx_verilogsynthesis_view_fileset</spirit:localName>
        </spirit:fileSetRef>
        <spirit:parameters>
          <spirit:parameter>
            <spirit:name>viewChecksum</spirit:name>
            <spirit:value>1355c97c</spirit:value>
          </spirit:parameter>
        </spirit:parameters>
      </spirit:view>
      <spirit:view>
        <spirit:name>xilinx_verilogbehavioralsimulation</spirit:name>
        <spirit:displayName>Verilog Simulation</spirit:displayName>
        <spirit:envIdentifier>verilogSource:vivado.xilinx.com:simulation</spirit:envIdentifier>
        <spirit:language>verilog</spirit:language>
        <spirit:modelName>axi_ro_v1_0</spirit:modelName>
        <spirit:fileSetRef>
          <spirit:localName>xilinx_verilogbehavioralsimulation_view_fileset</spirit:localName>
        </spirit:fileSetRef>
        <spirit:parameters>
          <spirit:parameter>
            <spirit:name>viewChecksum</spirit:name>
            <spirit:value>1355c97c</spirit:value>
          </spirit:parameter>
        </spirit:parameters>
      </spirit:view>
      <spirit:view>
        <spirit:name>xilinx_xpgui</spirit:name>
        <spirit:displayName>UI Layout</spirit:displayName>
        <spirit:envIdentifier>:vivado.xilinx.com:xgui.ui</spirit:envIdentifier>
        <spirit:fileSetRef>
          <spirit:localName>xilinx_xpgui_view_fileset</spirit:localName>
        </spirit:fileSetRef>
        <spirit:parameters>
          <spirit:parameter>
            <spirit:name>viewChecksum</spirit:name>
            <spirit:value>0e5443b4</spirit:value>
          </spirit:parameter>
        </spirit:parameters>
      </spirit:view>
      <spirit:view>
        <spirit:name>bd_tcl</spirit:name>
        <spirit:displayName>Block Diagram</spirit:displayName>
        <spirit:envIdentifier>:vivado.xilinx.com:block.diagram</spirit:envIdentifier>
        <spirit:fileSetRef>
          <spirit:localName>bd_tcl_view_fileset</spirit:localName>
        </spirit:fileSetRef>
        <spirit:parameters>
          <spirit:parameter>
            <spirit:name>viewChecksum</spirit:name>
            <spirit:value>16328387</spirit:value>
          </spirit:parameter>
        </spirit:parameters>
      </spirit:view>
    </spirit:views>
    <spirit:ports>
      <spirit:port>
        <spirit:name>cycles_per_integration</spirit:name>
        <spirit:wire>
          <spirit:direction>out</spirit:direction>
          <spirit:vector>
            <spirit:left spirit:format="long">15</spirit:left>
            <spirit:right spirit:format="long">0</spirit:right>
          </spirit:vector>
          <spirit:wireTypeDefs>
            <spirit:wireTypeDef>
              <spirit:typeName>wire</spirit:typeName>
              <spirit:viewNameRef>xilinx_verilogsynthesis</spirit:viewNameRef>
              <spirit:viewNameRef>xilinx_verilogbehavioralsimulation</spirit:viewNameRef>
            </spirit:wireTypeDef>
          </spirit:wireTypeDefs>
        </spirit:wire>
      </spirit:port>
      <spirit:port>
        <spirit:name>num_ro_enabled</spirit:name>
        <spirit:wire>
          <spirit:direction>out</spirit:direction>
          <spirit:vector>
            <spirit:left spirit:format="long">15</spirit:left>
            <spirit:right spirit:format="long">0</spirit:right>
          </spirit:vector>
          <spirit:wireTypeDefs>
            <spirit:wireTypeDef>
              <spirit:typeName>wire</spirit:typeName>
              <spirit:viewNameRef>xilinx_verilogsynthesis</spirit:viewNameRef>
              <spirit:viewNameRef>xilinx_verilogbehavioralsimulation</spirit:viewNameRef>
            </spirit:wireTypeDef>
          </spirit:wireTypeDefs>
        </spirit:wire>
      </spirit:port>
      <spirit:port>
        <spirit:name>num_power_virus_enabled</spirit:name>
        <spirit:wire>
          <spirit:direction>out</spirit:direction>
          <spirit:vector>
            <spirit:left spirit:format="long">15</spirit:left>
            <spirit:right spirit:format="long">0</spirit:right>
          </spirit:vector>
          <spirit:wireTypeDefs>
            <spirit:wireTypeDef>
              <spirit:typeName>wire</spirit:typeName>
              <spirit:viewNameRef>xilinx_verilogsynthesis</spirit:viewNameRef>
              <spirit:viewNameRef>xilinx_verilogbehavioralsimulation</spirit:viewNameRef>
            </spirit:wireTypeDef>
          </spirit:wireTypeDefs>
        </spirit:wire>
      </spirit:port>
      <spirit:port>
        <spirit:name>aquire_mode</spirit:name>
        <spirit:wire>
          <spirit:direction>out</spirit:direction>
          <spirit:wireTypeDefs>
            <spirit:wireTypeDef>
              <spirit:typeName>wire</spirit:typeName>
              <spirit:viewNameRef>xilinx_verilogsynthesis</spirit:viewNameRef>
              <spirit:viewNameRef>xilinx_verilogbehavioralsimulation</spirit:viewNameRef>
            </spirit:wireTypeDef>
          </spirit:wireTypeDefs>
        </spirit:wire>
      </spirit:port>
      <spirit:port>
        <spirit:name>ro_rst</spirit:name>
        <spirit:wire>
          <spirit:direction>out</spirit:direction>
          <spirit:wireTypeDefs>
            <spirit:wireTypeDef>
              <spirit:typeName>wire</spirit:typeName>
              <spirit:viewNameRef>xilinx_verilogsynthesis</spirit:viewNameRef>
              <spirit:viewNameRef>xilinx_verilogbehavioralsimulation</spirit:viewNameRef>
            </spirit:wireTypeDef>
          </spirit:wireTypeDefs>
        </spirit:wire>
      </spirit:port>
      <spirit:port>
        <spirit:name>start_aquire</spirit:name>
        <spirit:wire>
          <spirit:direction>out</spirit:direction>
          <spirit:wireTypeDefs>
            <spirit:wireTypeDef>
              <spirit:typeName>wire</spirit:typeName>
              <spirit:viewNameRef>xilinx_verilogsynthesis</spirit:viewNameRef>
              <spirit:viewNameRef>xilinx_verilogbehavioralsimulation</spirit:viewNameRef>
            </spirit:wireTypeDef>
          </spirit:wireTypeDefs>
        </spirit:wire>
      </spirit:port>
      <spirit:port>
        <spirit:name>ext_status</spirit:name>
        <spirit:wire>
          <spirit:direction>in</spirit:direction>
          <spirit:vector>
            <spirit:left spirit:format="long">7</spirit:left>
            <spirit:right spirit:format="long">0</spirit:right>
          </spirit:vector>
          <spirit:wireTypeDefs>
            <spirit:wireTypeDef>
              <spirit:typeName>wire</spirit:typeName>
              <spirit:viewNameRef>xilinx_verilogsynthesis</spirit:viewNameRef>
              <spirit:viewNameRef>xilinx_verilogbehavioralsimulation</spirit:viewNameRef>
            </spirit:wireTypeDef>
          </spirit:wireTypeDefs>
        </spirit:wire>
      </spirit:port>
      <spirit:port>
        <spirit:name>last_ro_sum</spirit:name>
        <spirit:wire>
          <spirit:direction>in</spirit:direction>
          <spirit:vector>
            <spirit:left spirit:format="long">15</spirit:left>
            <spirit:right spirit:format="long">0</spirit:right>
          </spirit:vector>
          <spirit:wireTypeDefs>
            <spirit:wireTypeDef>
              <spirit:typeName>wire</spirit:typeName>
              <spirit:viewNameRef>xilinx_verilogsynthesis</spirit:viewNameRef>
              <spirit:viewNameRef>xilinx_verilogbehavioralsimulation</spirit:viewNameRef>
            </spirit:wireTypeDef>
          </spirit:wireTypeDefs>
        </spirit:wire>
      </spirit:port>
      <spirit:port>
        <spirit:name>s00_axi_aclk</spirit:name>
        <spirit:wire>
          <spirit:direction>in</spirit:direction>
          <spirit:wireTypeDefs>
            <spirit:wireTypeDef>
              <spirit:typeName>wire</spirit:typeName>
              <spirit:viewNameRef>xilinx_verilogsynthesis</spirit:viewNameRef>
              <spirit:viewNameRef>xilinx_verilogbehavioralsimulation</spirit:viewNameRef>
            </spirit:wireTypeDef>
          </spirit:wireTypeDefs>
        </spirit:wire>
      </spirit:port>
      <spirit:port>
        <spirit:name>s00_axi_aresetn</spirit:name>
        <spirit:wire>
          <spirit:direction>in</spirit:direction>
          <spirit:wireTypeDefs>
            <spirit:wireTypeDef>
              <spirit:typeName>wire</spirit:typeName>
              <spirit:viewNameRef>xilinx_verilogsynthesis</spirit:viewNameRef>
              <spirit:viewNameRef>xilinx_verilogbehavioralsimulation</spirit:viewNameRef>
            </spirit:wireTypeDef>
          </spirit:wireTypeDefs>
        </spirit:wire>
      </spirit:port>
      <spirit:port>
        <spirit:name>s00_axi_awaddr</spirit:name>
        <spirit:wire>
          <spirit:direction>in</spirit:direction>
          <spirit:vector>
            <spirit:left spirit:format="long" spirit:resolve="dependent" spirit:dependency="(spirit:decode(id(&apos;MODELPARAM_VALUE.C_S00_AXI_ADDR_WIDTH&apos;)) - 1)">4</spirit:left>
            <spirit:right spirit:format="long">0</spirit:right>
          </spirit:vector>
          <spirit:wireTypeDefs>
            <spirit:wireTypeDef>
              <spirit:typeName>wire</spirit:typeName>
              <spirit:viewNameRef>xilinx_verilogsynthesis</spirit:viewNameRef>
              <spirit:viewNameRef>xilinx_verilogbehavioralsimulation</spirit:viewNameRef>
            </spirit:wireTypeDef>
          </spirit:wireTypeDefs>
        </spirit:wire>
      </spirit:port>
      <spirit:port>
        <spirit:name>s00_axi_awprot</spirit:name>
        <spirit:wire>
          <spirit:direction>in</spirit:direction>
          <spirit:vector>
            <spirit:left spirit:format="long">2</spirit:left>
            <spirit:right spirit:format="long">0</spirit:right>
          </spirit:vector>
          <spirit:wireTypeDefs>
            <spirit:wireTypeDef>
              <spirit:typeName>wire</spirit:typeName>
              <spirit:viewNameRef>xilinx_verilogsynthesis</spirit:viewNameRef>
              <spirit:viewNameRef>xilinx_verilogbehavioralsimulation</spirit:viewNameRef>
            </spirit:wireTypeDef>
          </spirit:wireTypeDefs>
        </spirit:wire>
      </spirit:port>
      <spirit:port>
        <spirit:name>s00_axi_awvalid</spirit:name>
        <spirit:wire>
          <spirit:direction>in</spirit:direction>
          <spirit:wireTypeDefs>
            <spirit:wireTypeDef>
              <spirit:typeName>wire</spirit:typeName>
              <spirit:viewNameRef>xilinx_verilogsynthesis</spirit:viewNameRef>
              <spirit:viewNameRef>xilinx_verilogbehavioralsimulation</spirit:viewNameRef>
            </spirit:wireTypeDef>
          </spirit:wireTypeDefs>
        </spirit:wire>
      </spirit:port>
      <spirit:port>
        <spirit:name>s00_axi_awready</spirit:name>
        <spirit:wire>
          <spirit:direction>out</spirit:direction>
          <spirit:wireTypeDefs>
            <spirit:wireTypeDef>
              <spirit:typeName>wire</spirit:typeName>
              <spirit:viewNameRef>xilinx_verilogsynthesis</spirit:viewNameRef>
              <spirit:viewNameRef>xilinx_verilogbehavioralsimulation</spirit:viewNameRef>
            </spirit:wireTypeDef>
          </spirit:wireTypeDefs>
        </spirit:wire>
      </spirit:port>
      <spirit:port>
        <spirit:name>s00_axi_wdata</spirit:name>
        <spirit:wire>
          <spirit:direction>in</spirit:direction>
          <spirit:vector>
            <spirit:left spirit:format="long" spirit:resolve="dependent" spirit:dependency="(spirit:decode(id(&apos;MODELPARAM_VALUE.C_S00_AXI_DATA_WIDTH&apos;)) - 1)">31</spirit:left>
            <spirit:right spirit:format="long">0</spirit:right>
          </spirit:vector>
          <spirit:wireTypeDefs>
            <spirit:wireTypeDef>
              <spirit:typeName>wire</spirit:typeName>
              <spirit:viewNameRef>xilinx_verilogsynthesis</spirit:viewNameRef>
              <spirit:viewNameRef>xilinx_verilogbehavioralsimulation</spirit:viewNameRef>
            </spirit:wireTypeDef>
          </spirit:wireTypeDefs>
        </spirit:wire>
      </spirit:port>
      <spirit:port>
        <spirit:name>s00_axi_wstrb</spirit:name>
        <spirit:wire>
          <spirit:direction>in</spirit:direction>
          <spirit:vector>
            <spirit:left spirit:format="long" spirit:resolve="dependent" spirit:dependency="((spirit:decode(id(&apos;MODELPARAM_VALUE.C_S00_AXI_DATA_WIDTH&apos;)) / 8) - 1)">3</spirit:left>
            <spirit:right spirit:format="long">0</spirit:right>
          </spirit:vector>
          <spirit:wireTypeDefs>
            <spirit:wireTypeDef>
              <spirit:typeName>wire</spirit:typeName>
              <spirit:viewNameRef>xilinx_verilogsynthesis</spirit:viewNameRef>
              <spirit:viewNameRef>xilinx_verilogbehavioralsimulation</spirit:viewNameRef>
            </spirit:wireTypeDef>
          </spirit:wireTypeDefs>
        </spirit:wire>
      </spirit:port>
      <spirit:port>
        <spirit:name>s00_axi_wvalid</spirit:name>
        <spirit:wire>
          <spirit:direction>in</spirit:direction>
          <spirit:wireTypeDefs>
            <spirit:wireTypeDef>
              <spirit:typeName>wire</spirit:typeName>
              <spirit:viewNameRef>xilinx_verilogsynthesis</spirit:viewNameRef>
              <spirit:viewNameRef>xilinx_verilogbehavioralsimulation</spirit:viewNameRef>
            </spirit:wireTypeDef>
          </spirit:wireTypeDefs>
        </spirit:wire>
      </spirit:port>
      <spirit:port>
        <spirit:name>s00_axi_wready</spirit:name>
        <spirit:wire>
          <spirit:direction>out</spirit:direction>
          <spirit:wireTypeDefs>
            <spirit:wireTypeDef>
              <spirit:typeName>wire</spirit:typeName>
              <spirit:viewNameRef>xilinx_verilogsynthesis</spirit:viewNameRef>
              <spirit:viewNameRef>xilinx_verilogbehavioralsimulation</spirit:viewNameRef>
            </spirit:wireTypeDef>
          </spirit:wireTypeDefs>
        </spirit:wire>
      </spirit:port>
      <spirit:port>
        <spirit:name>s00_axi_bresp</spirit:name>
        <spirit:wire>
          <spirit:direction>out</spirit:direction>
          <spirit:vector>
            <spirit:left spirit:format="long">1</spirit:left>
            <spirit:right spirit:format="long">0</spirit:right>
          </spirit:vector>
          <spirit:wireTypeDefs>
            <spirit:wireTypeDef>
              <spirit:typeName>wire</spirit:typeName>
              <spirit:viewNameRef>xilinx_verilogsynthesis</spirit:viewNameRef>
              <spirit:viewNameRef>xilinx_verilogbehavioralsimulation</spirit:viewNameRef>
            </spirit:wireTypeDef>
          </spirit:wireTypeDefs>
        </spirit:wire>
      </spirit:port>
      <spirit:port>
        <spirit:name>s00_axi_bvalid</spirit:name>
        <spirit:wire>
          <spirit:direction>out</spirit:direction>
          <spirit:wireTypeDefs>
            <spirit:wireTypeDef>
              <spirit:typeName>wire</spirit:typeName>
              <spirit:viewNameRef>xilinx_verilogsynthesis</spirit:viewNameRef>
              <spirit:viewNameRef>xilinx_verilogbehavioralsimulation</spirit:viewNameRef>
            </spirit:wireTypeDef>
          </spirit:wireTypeDefs>
        </spirit:wire>
      </spirit:port>
      <spirit:port>
        <spirit:name>s00_axi_bready</spirit:name>
        <spirit:wire>
          <spirit:direction>in</spirit:direction>
          <spirit:wireTypeDefs>
            <spirit:wireTypeDef>
              <spirit:typeName>wire</spirit:typeName>
              <spirit:viewNameRef>xilinx_verilogsynthesis</spirit:viewNameRef>
              <spirit:viewNameRef>xilinx_verilogbehavioralsimulation</spirit:viewNameRef>
            </spirit:wireTypeDef>
          </spirit:wireTypeDefs>
        </spirit:wire>
      </spirit:port>
      <spirit:port>
        <spirit:name>s00_axi_araddr</spirit:name>
        <spirit:wire>
          <spirit:direction>in</spirit:direction>
          <spirit:vector>
            <spirit:left spirit:format="long" spirit:resolve="dependent" spirit:dependency="(spirit:decode(id(&apos;MODELPARAM_VALUE.C_S00_AXI_ADDR_WIDTH&apos;)) - 1)">4</spirit:left>
            <spirit:right spirit:format="long">0</spirit:right>
          </spirit:vector>
          <spirit:wireTypeDefs>
            <spirit:wireTypeDef>
              <spirit:typeName>wire</spirit:typeName>
              <spirit:viewNameRef>xilinx_verilogsynthesis</spirit:viewNameRef>
              <spirit:viewNameRef>xilinx_verilogbehavioralsimulation</spirit:viewNameRef>
            </spirit:wireTypeDef>
          </spirit:wireTypeDefs>
        </spirit:wire>
      </spirit:port>
      <spirit:port>
        <spirit:name>s00_axi_arprot</spirit:name>
        <spirit:wire>
          <spirit:direction>in</spirit:direction>
          <spirit:vector>
            <spirit:left spirit:format="long">2</spirit:left>
            <spirit:right spirit:format="long">0</spirit:right>
          </spirit:vector>
          <spirit:wireTypeDefs>
            <spirit:wireTypeDef>
              <spirit:typeName>wire</spirit:typeName>
              <spirit:viewNameRef>xilinx_verilogsynthesis</spirit:viewNameRef>
              <spirit:viewNameRef>xilinx_verilogbehavioralsimulation</spirit:viewNameRef>
            </spirit:wireTypeDef>
          </spirit:wireTypeDefs>
        </spirit:wire>
      </spirit:port>
      <spirit:port>
        <spirit:name>s00_axi_arvalid</spirit:name>
        <spirit:wire>
          <spirit:direction>in</spirit:direction>
          <spirit:wireTypeDefs>
            <spirit:wireTypeDef>
              <spirit:typeName>wire</spirit:typeName>
              <spirit:viewNameRef>xilinx_verilogsynthesis</spirit:viewNameRef>
              <spirit:viewNameRef>xilinx_verilogbehavioralsimulation</spirit:viewNameRef>
            </spirit:wireTypeDef>
          </spirit:wireTypeDefs>
        </spirit:wire>
      </spirit:port>
      <spirit:port>
        <spirit:name>s00_axi_arready</spirit:name>
        <spirit:wire>
          <spirit:direction>out</spirit:direction>
          <spirit:wireTypeDefs>
            <spirit:wireTypeDef>
              <spirit:typeName>wire</spirit:typeName>
              <spirit:viewNameRef>xilinx_verilogsynthesis</spirit:viewNameRef>
              <spirit:viewNameRef>xilinx_verilogbehavioralsimulation</spirit:viewNameRef>
            </spirit:wireTypeDef>
          </spirit:wireTypeDefs>
        </spirit:wire>
      </spirit:port>
      <spirit:port>
        <spirit:name>s00_axi_rdata</spirit:name>
        <spirit:wire>
          <spirit:direction>out</spirit:direction>
          <spirit:vector>
            <spirit:left spirit:format="long" spirit:resolve="dependent" spirit:dependency="(spirit:decode(id(&apos;MODELPARAM_VALUE.C_S00_AXI_DATA_WIDTH&apos;)) - 1)">31</spirit:left>
            <spirit:right spirit:format="long">0</spirit:right>
          </spirit:vector>
          <spirit:wireTypeDefs>
            <spirit:wireTypeDef>
              <spirit:typeName>wire</spirit:typeName>
              <spirit:viewNameRef>xilinx_verilogsynthesis</spirit:viewNameRef>
              <spirit:viewNameRef>xilinx_verilogbehavioralsimulation</spirit:viewNameRef>
            </spirit:wireTypeDef>
          </spirit:wireTypeDefs>
        </spirit:wire>
      </spirit:port>
      <spirit:port>
        <spirit:name>s00_axi_rresp</spirit:name>
        <spirit:wire>
          <spirit:direction>out</spirit:direction>
          <spirit:vector>
            <spirit:left spirit:format="long">1</spirit:left>
            <spirit:right spirit:format="long">0</spirit:right>
          </spirit:vector>
          <spirit:wireTypeDefs>
            <spirit:wireTypeDef>
              <spirit:typeName>wire</spirit:typeName>
              <spirit:viewNameRef>xilinx_verilogsynthesis</spirit:viewNameRef>
              <spirit:viewNameRef>xilinx_verilogbehavioralsimulation</spirit:viewNameRef>
            </spirit:wireTypeDef>
          </spirit:wireTypeDefs>
        </spirit:wire>
      </spirit:port>
      <spirit:port>
        <spirit:name>s00_axi_rvalid</spirit:name>
        <spirit:wire>
          <spirit:direction>out</spirit:direction>
          <spirit:wireTypeDefs>
            <spirit:wireTypeDef>
              <spirit:typeName>wire</spirit:typeName>
              <spirit:viewNameRef>xilinx_verilogsynthesis</spirit:viewNameRef>
              <spirit:viewNameRef>xilinx_verilogbehavioralsimulation</spirit:viewNameRef>
            </spirit:wireTypeDef>
          </spirit:wireTypeDefs>
        </spirit:wire>
      </spirit:port>
      <spirit:port>
        <spirit:name>s00_axi_rready</spirit:name>
        <spirit:wire>
          <spirit:direction>in</spirit:direction>
          <spirit:wireTypeDefs>
            <spirit:wireTypeDef>
              <spirit:typeName>wire</spirit:typeName>
              <spirit:viewNameRef>xilinx_verilogsynthesis</spirit:viewNameRef>
              <spirit:viewNameRef>xilinx_verilogbehavioralsimulation</spirit:viewNameRef>
            </spirit:wireTypeDef>
          </spirit:wireTypeDefs>
        </spirit:wire>
      </spirit:port>
    </spirit:ports>
    <spirit:modelParameters>
      <spirit:modelParameter xsi:type="spirit:nameValueTypeType" spirit:dataType="integer">
        <spirit:name>C_S00_AXI_DATA_WIDTH</spirit:name>
        <spirit:displayName>C S00 AXI DATA WIDTH</spirit:displayName>
        <spirit:description>Width of S_AXI data bus</spirit:description>
        <spirit:value spirit:format="long" spirit:resolve="generated" spirit:id="MODELPARAM_VALUE.C_S00_AXI_DATA_WIDTH" spirit:order="5" spirit:rangeType="long">32</spirit:value>
      </spirit:modelParameter>
      <spirit:modelParameter spirit:dataType="integer">
        <spirit:name>C_S00_AXI_ADDR_WIDTH</spirit:name>
        <spirit:displayName>C S00 AXI ADDR WIDTH</spirit:displayName>
        <spirit:description>Width of S_AXI address bus</spirit:description>
        <spirit:value spirit:format="long" spirit:resolve="generated" spirit:id="MODELPARAM_VALUE.C_S00_AXI_ADDR_WIDTH" spirit:order="6" spirit:rangeType="long">5</spirit:value>
      </spirit:modelParameter>
    </spirit:modelParameters>
  </spirit:model>
  <spirit:choices>
    <spirit:choice>
      <spirit:name>choice_list_6fc15197</spirit:name>
      <spirit:enumeration>32</spirit:enumeration>
    </spirit:choice>
    <spirit:choice>
      <spirit:name>choice_list_9d8b0d81</spirit:name>
      <spirit:enumeration>ACTIVE_HIGH</spirit:enumeration>
      <spirit:enumeration>ACTIVE_LOW</spirit:enumeration>
    </spirit:choice>
    <spirit:choice>
      <spirit:name>choice_pairs_ce1226b1</spirit:name>
      <spirit:enumeration spirit:text="true">1</spirit:enumeration>
      <spirit:enumeration spirit:text="false">0</spirit:enumeration>
    </spirit:choice>
  </spirit:choices>
  <spirit:fileSets>
    <spirit:fileSet>
      <spirit:name>xilinx_verilogsynthesis_view_fileset</spirit:name>
      <spirit:file>
        <spirit:name>hdl/axi_ro_v1_0_S00_AXI.v</spirit:name>
        <spirit:fileType>verilogSource</spirit:fileType>
      </spirit:file>
      <spirit:file>
        <spirit:name>hdl/axi_ro_v1_0.v</spirit:name>
        <spirit:fileType>verilogSource</spirit:fileType>
        <spirit:userFileType>CHECKSUM_83d4013d</spirit:userFileType>
      </spirit:file>
    </spirit:fileSet>
    <spirit:fileSet>
      <spirit:name>xilinx_verilogbehavioralsimulation_view_fileset</spirit:name>
      <spirit:file>
        <spirit:name>hdl/axi_ro_v1_0_S00_AXI.v</spirit:name>
        <spirit:fileType>verilogSource</spirit:fileType>
      </spirit:file>
      <spirit:file>
        <spirit:name>hdl/axi_ro_v1_0.v</spirit:name>
        <spirit:fileType>verilogSource</spirit:fileType>
      </spirit:file>
    </spirit:fileSet>
    <spirit:fileSet>
      <spirit:name>xilinx_xpgui_view_fileset</spirit:name>
      <spirit:file>
        <spirit:name>xgui/axi_ro_control_v1_0_2.tcl</spirit:name>
        <spirit:fileType>tclSource</spirit:fileType>
        <spirit:userFileType>CHECKSUM_0e5443b4</spirit:userFileType>
        <spirit:userFileType>XGUI_VERSION_2</spirit:userFileType>
      </spirit:file>
    </spirit:fileSet>
    <spirit:fileSet>
      <spirit:name>bd_tcl_view_fileset</spirit:name>
      <spirit:file>
        <spirit:name>bd/bd.tcl</spirit:name>
        <spirit:fileType>tclSource</spirit:fileType>
      </spirit:file>
    </spirit:fileSet>
  </spirit:fileSets>
  <spirit:description>Ring Oscillator Measurements Controller IP</spirit:description>
  <spirit:parameters>
    <spirit:parameter>
      <spirit:name>C_S00_AXI_DATA_WIDTH</spirit:name>
      <spirit:displayName>C S00 AXI DATA WIDTH</spirit:displayName>
      <spirit:description>Width of S_AXI data bus</spirit:description>
      <spirit:value spirit:format="long" spirit:resolve="user" spirit:id="PARAM_VALUE.C_S00_AXI_DATA_WIDTH" spirit:choiceRef="choice_list_6fc15197" spirit:order="5">32</spirit:value>
      <spirit:vendorExtensions>
        <xilinx:parameterInfo>
          <xilinx:enablement>
            <xilinx:isEnabled xilinx:id="PARAM_ENABLEMENT.C_S00_AXI_DATA_WIDTH">false</xilinx:isEnabled>
          </xilinx:enablement>
        </xilinx:parameterInfo>
      </spirit:vendorExtensions>
    </spirit:parameter>
    <spirit:parameter>
      <spirit:name>C_S00_AXI_ADDR_WIDTH</spirit:name>
      <spirit:displayName>C S00 AXI ADDR WIDTH</spirit:displayName>
      <spirit:description>Width of S_AXI address bus</spirit:description>
      <spirit:value spirit:format="long" spirit:resolve="user" spirit:id="PARAM_VALUE.C_S00_AXI_ADDR_WIDTH" spirit:order="6" spirit:rangeType="long">5</spirit:value>
      <spirit:vendorExtensions>
        <xilinx:parameterInfo>
          <xilinx:enablement>
            <xilinx:isEnabled xilinx:id="PARAM_ENABLEMENT.C_S00_AXI_ADDR_WIDTH">false</xilinx:isEnabled>
          </xilinx:enablement>
        </xilinx:parameterInfo>
      </spirit:vendorExtensions>
    </spirit:parameter>
    <spirit:parameter>
      <spirit:name>C_S00_AXI_BASEADDR</spirit:name>
      <spirit:displayName>C S00 AXI BASEADDR</spirit:displayName>
      <spirit:value spirit:format="bitString" spirit:resolve="user" spirit:id="PARAM_VALUE.C_S00_AXI_BASEADDR" spirit:order="7" spirit:bitStringLength="32">0xFFFFFFFF</spirit:value>
      <spirit:vendorExtensions>
        <xilinx:parameterInfo>
          <xilinx:enablement>
            <xilinx:isEnabled xilinx:id="PARAM_ENABLEMENT.C_S00_AXI_BASEADDR">false</xilinx:isEnabled>
          </xilinx:enablement>
        </xilinx:parameterInfo>
      </spirit:vendorExtensions>
    </spirit:parameter>
    <spirit:parameter>
      <spirit:name>C_S00_AXI_HIGHADDR</spirit:name>
      <spirit:displayName>C S00 AXI HIGHADDR</spirit:displayName>
      <spirit:value spirit:format="bitString" spirit:resolve="user" spirit:id="PARAM_VALUE.C_S00_AXI_HIGHADDR" spirit:order="8" spirit:bitStringLength="32">0x00000000</spirit:value>
      <spirit:vendorExtensions>
        <xilinx:parameterInfo>
          <xilinx:enablement>
            <xilinx:isEnabled xilinx:id="PARAM_ENABLEMENT.C_S00_AXI_HIGHADDR">false</xilinx:isEnabled>
          </xilinx:enablement>
        </xilinx:parameterInfo>
      </spirit:vendorExtensions>
    </spirit:parameter>
    <spirit:parameter>
      <spirit:name>Component_Name</spirit:name>
      <spirit:value spirit:resolve="user" spirit:id="PARAM_VALUE.Component_Name" spirit:order="1">axi_ro_control_v1_0_2</spirit:value>
    </spirit:parameter>
  </spirit:parameters>
  <spirit:vendorExtensions>
    <xilinx:coreExtensions>
      <xilinx:supportedFamilies>
        <xilinx:family xilinx:lifeCycle="Pre-Production">zynq</xilinx:family>
      </xilinx:supportedFamilies>
      <xilinx:taxonomies>
        <xilinx:taxonomy>/AXI_Peripheral</xilinx:taxonomy>
      </xilinx:taxonomies>
      <xilinx:displayName>axi_ro_control_v1.0</xilinx:displayName>
      <xilinx:coreRevision>10</xilinx:coreRevision>
      <xilinx:coreCreationDateTime>2020-11-14T03:05:41Z</xilinx:coreCreationDateTime>
      <xilinx:tags>
        <xilinx:tag xilinx:name="ui.data.coregen.dd@138aad16_ARCHIVE_LOCATION">d:/Github/fpga-power-sidechannel/ip_repo/axi_ro_1.0</xilinx:tag>
        <xilinx:tag xilinx:name="ui.data.coregen.dd@3a9768f6_ARCHIVE_LOCATION">d:/Github/fpga-power-sidechannel/ip_repo/axi_ro_1.0</xilinx:tag>
        <xilinx:tag xilinx:name="ui.data.coregen.dd@59076b04_ARCHIVE_LOCATION">d:/Github/fpga-power-sidechannel/ip_repo/axi_ro_1.0</xilinx:tag>
        <xilinx:tag xilinx:name="ui.data.coregen.dd@53e2bd8b_ARCHIVE_LOCATION">d:/Github/fpga-power-sidechannel/ip_repo/axi_ro_1.0</xilinx:tag>
        <xilinx:tag xilinx:name="ui.data.coregen.dd@7d9674c0_ARCHIVE_LOCATION">d:/Github/fpga-power-sidechannel/ip_repo/axi_ro_1.0</xilinx:tag>
        <xilinx:tag xilinx:name="ui.data.coregen.dd@4cf654b3_ARCHIVE_LOCATION">d:/Github/fpga-power-sidechannel/ip_repo/axi_ro_1.0</xilinx:tag>
        <xilinx:tag xilinx:name="ui.data.coregen.dd@aaf6b27_ARCHIVE_LOCATION">d:/Github/fpga-power-sidechannel/ip_repo/axi_ro_1.0</xilinx:tag>
        <xilinx:tag xilinx:name="ui.data.coregen.dd@22308bd8_ARCHIVE_LOCATION">d:/Github/fpga-power-sidechannel/ip_repo/axi_ro_1.0</xilinx:tag>
        <xilinx:tag xilinx:name="ui.data.coregen.dd@7ac74291_ARCHIVE_LOCATION">d:/Github/fpga-power-sidechannel/ip_repo/axi_ro_1.0</xilinx:tag>
        <xilinx:tag xilinx:name="ui.data.coregen.dd@6f4ad23a_ARCHIVE_LOCATION">d:/Github/fpga-power-sidechannel/ip_repo/axi_ro_1.0</xilinx:tag>
        <xilinx:tag xilinx:name="ui.data.coregen.dd@6f691eab_ARCHIVE_LOCATION">d:/Github/fpga-power-sidechannel/ip_repo/axi_ro_1.0</xilinx:tag>
        <xilinx:tag xilinx:name="ui.data.coregen.dd@3f4df4be_ARCHIVE_LOCATION">d:/Github/fpga-power-sidechannel/ip_repo/axi_ro_1.0</xilinx:tag>
        <xilinx:tag xilinx:name="ui.data.coregen.dd@36609cc0_ARCHIVE_LOCATION">d:/Github/fpga-power-sidechannel/ip_repo/axi_ro_1.0</xilinx:tag>
        <xilinx:tag xilinx:name="ui.data.coregen.dd@318d388a_ARCHIVE_LOCATION">d:/Github/fpga-power-sidechannel/ip_repo/axi_ro_1.0</xilinx:tag>
        <xilinx:tag xilinx:name="ui.data.coregen.dd@7d9d67c7_ARCHIVE_LOCATION">d:/Github/fpga-power-sidechannel/ip_repo/axi_ro_1.0</xilinx:tag>
        <xilinx:tag xilinx:name="ui.data.coregen.dd@24e7d137_ARCHIVE_LOCATION">d:/Github/fpga-power-sidechannel/ip_repo/axi_ro_1.0</xilinx:tag>
        <xilinx:tag xilinx:name="ui.data.coregen.dd@6f1b3ed4_ARCHIVE_LOCATION">d:/Github/fpga-power-sidechannel/ip_repo/axi_ro_1.0</xilinx:tag>
        <xilinx:tag xilinx:name="ui.data.coregen.dd@722aa7a5_ARCHIVE_LOCATION">d:/Github/fpga-power-sidechannel/ip_repo/axi_ro_1.0</xilinx:tag>
        <xilinx:tag xilinx:name="ui.data.coregen.dd@7d9df464_ARCHIVE_LOCATION">d:/Github/fpga-power-sidechannel/ip_repo/axi_ro_1.0</xilinx:tag>
        <xilinx:tag xilinx:name="ui.data.coregen.dd@7231d005_ARCHIVE_LOCATION">d:/Github/fpga-power-sidechannel/ip_repo/axi_ro_1.0</xilinx:tag>
        <xilinx:tag xilinx:name="ui.data.coregen.dd@142ca9c5_ARCHIVE_LOCATION">d:/Github/fpga-power-sidechannel/ip_repo/axi_ro_1.0</xilinx:tag>
        <xilinx:tag xilinx:name="ui.data.coregen.dd@6205b90c_ARCHIVE_LOCATION">d:/Github/fpga-power-sidechannel/ip_repo/axi_ro_1.0</xilinx:tag>
        <xilinx:tag xilinx:name="ui.data.coregen.dd@1c9ccda6_ARCHIVE_LOCATION">d:/Github/fpga-power-sidechannel/ip_repo/axi_ro_1.0</xilinx:tag>
        <xilinx:tag xilinx:name="ui.data.coregen.dd@14847f12_ARCHIVE_LOCATION">d:/Github/fpga-power-sidechannel/ip_repo/axi_ro_1.0</xilinx:tag>
        <xilinx:tag xilinx:name="ui.data.coregen.dd@156a5ee3_ARCHIVE_LOCATION">d:/Github/fpga-power-sidechannel/ip_repo/axi_ro_1.0</xilinx:tag>
        <xilinx:tag xilinx:name="ui.data.coregen.dd@43eaa0c4_ARCHIVE_LOCATION">d:/Github/fpga-power-sidechannel/ip_repo/axi_ro_1.0</xilinx:tag>
        <xilinx:tag xilinx:name="ui.data.coregen.dd@3ca3ed50_ARCHIVE_LOCATION">d:/Github/fpga-power-sidechannel/ip_repo/axi_ro_1.0</xilinx:tag>
        <xilinx:tag xilinx:name="ui.data.coregen.dd@69aed69_ARCHIVE_LOCATION">d:/Github/fpga-power-sidechannel/ip_repo/axi_ro_1.0</xilinx:tag>
        <xilinx:tag xilinx:name="ui.data.coregen.dd@5f6bdbc7_ARCHIVE_LOCATION">d:/Github/fpga-power-sidechannel/ip_repo/axi_ro_1.0</xilinx:tag>
        <xilinx:tag xilinx:name="ui.data.coregen.dd@39d982e6_ARCHIVE_LOCATION">d:/Github/fpga-power-sidechannel/ip_repo/axi_ro_1.0</xilinx:tag>
        <xilinx:tag xilinx:name="ui.data.coregen.dd@76a6ee6a_ARCHIVE_LOCATION">d:/Github/fpga-power-sidechannel/ip_repo/axi_ro_1.0</xilinx:tag>
        <xilinx:tag xilinx:name="ui.data.coregen.dd@15e8d0b4_ARCHIVE_LOCATION">d:/Github/fpga-power-sidechannel/ip_repo/axi_ro_1.0</xilinx:tag>
        <xilinx:tag xilinx:name="ui.data.coregen.dd@411820c_ARCHIVE_LOCATION">d:/Github/fpga-power-sidechannel/ip_repo/axi_ro_1.0</xilinx:tag>
        <xilinx:tag xilinx:name="ui.data.coregen.dd@155bfe8e_ARCHIVE_LOCATION">d:/Github/fpga-power-sidechannel/ip_repo/axi_ro_1.0</xilinx:tag>
        <xilinx:tag xilinx:name="ui.data.coregen.dd@772f0b1d_ARCHIVE_LOCATION">d:/Github/fpga-power-sidechannel/ip_repo/axi_ro_1.0</xilinx:tag>
        <xilinx:tag xilinx:name="ui.data.coregen.dd@481c84cb_ARCHIVE_LOCATION">d:/Github/fpga-power-sidechannel/ip_repo/axi_ro_1.0</xilinx:tag>
        <xilinx:tag xilinx:name="ui.data.coregen.dd@ee47fe9_ARCHIVE_LOCATION">d:/Github/fpga-power-sidechannel/ip_repo/axi_ro_1.0</xilinx:tag>
        <xilinx:tag xilinx:name="ui.data.coregen.dd@148654e5_ARCHIVE_LOCATION">d:/Github/fpga-power-sidechannel/ip_repo/axi_ro_1.0</xilinx:tag>
        <xilinx:tag xilinx:name="ui.data.coregen.dd@2ad370d8_ARCHIVE_LOCATION">d:/Github/fpga-power-sidechannel/ip_repo/axi_ro_1.0</xilinx:tag>
        <xilinx:tag xilinx:name="ui.data.coregen.dd@1a28d94c_ARCHIVE_LOCATION">d:/Github/fpga-power-sidechannel/ip_repo/axi_ro_1.0</xilinx:tag>
        <xilinx:tag xilinx:name="ui.data.coregen.dd@2dca5333_ARCHIVE_LOCATION">d:/Github/fpga-power-sidechannel/ip_repo/axi_ro_1.0</xilinx:tag>
        <xilinx:tag xilinx:name="ui.data.coregen.dd@6dee3bc1_ARCHIVE_LOCATION">d:/Github/fpga-power-sidechannel/ip_repo/axi_ro_1.0</xilinx:tag>
        <xilinx:tag xilinx:name="ui.data.coregen.dd@15922eca_ARCHIVE_LOCATION">d:/Github/fpga-power-sidechannel/ip_repo/axi_ro_1.0</xilinx:tag>
        <xilinx:tag xilinx:name="ui.data.coregen.dd@a9ee79e_ARCHIVE_LOCATION">d:/Github/fpga-power-sidechannel/ip_repo/axi_ro_1.0</xilinx:tag>
        <xilinx:tag xilinx:name="ui.data.coregen.dd@5f2d634_ARCHIVE_LOCATION">d:/Github/fpga-power-sidechannel/ip_repo/axi_ro_1.0</xilinx:tag>
        <xilinx:tag xilinx:name="ui.data.coregen.dd@1af77ea2_ARCHIVE_LOCATION">d:/Github/fpga-power-sidechannel/ip_repo/axi_ro_1.0</xilinx:tag>
        <xilinx:tag xilinx:name="ui.data.coregen.dd@9b7b3fa_ARCHIVE_LOCATION">d:/Github/fpga-power-sidechannel/ip_repo/axi_ro_1.0</xilinx:tag>
        <xilinx:tag xilinx:name="ui.data.coregen.dd@75478e7_ARCHIVE_LOCATION">d:/Github/fpga-power-sidechannel/ip_repo/axi_ro_1.0</xilinx:tag>
        <xilinx:tag xilinx:name="ui.data.coregen.dd@36865796_ARCHIVE_LOCATION">d:/Github/fpga-power-sidechannel/ip_repo/axi_ro_1.0</xilinx:tag>
        <xilinx:tag xilinx:name="ui.data.coregen.dd@587351ce_ARCHIVE_LOCATION">d:/Github/fpga-power-sidechannel/ip_repo/axi_ro_1.0</xilinx:tag>
        <xilinx:tag xilinx:name="ui.data.coregen.dd@1a2fb60e_ARCHIVE_LOCATION">d:/Github/fpga-power-sidechannel/ip_repo/axi_ro_1.0</xilinx:tag>
        <xilinx:tag xilinx:name="ui.data.coregen.dd@605a971d_ARCHIVE_LOCATION">d:/Github/fpga-power-sidechannel/ip_repo/axi_ro_1.0</xilinx:tag>
        <xilinx:tag xilinx:name="ui.data.coregen.dd@5b0bc049_ARCHIVE_LOCATION">d:/Github/fpga-power-sidechannel/ip_repo/axi_ro_1.0</xilinx:tag>
        <xilinx:tag xilinx:name="ui.data.coregen.dd@7c47d354_ARCHIVE_LOCATION">d:/Github/fpga-power-sidechannel/ip_repo/axi_ro_1.0</xilinx:tag>
        <xilinx:tag xilinx:name="ui.data.coregen.dd@e0f0dea_ARCHIVE_LOCATION">d:/Github/fpga-power-sidechannel/ip_repo/axi_ro_1.0</xilinx:tag>
        <xilinx:tag xilinx:name="ui.data.coregen.dd@1bec7d78_ARCHIVE_LOCATION">d:/Github/fpga-power-sidechannel/ip_repo/axi_ro_1.0</xilinx:tag>
        <xilinx:tag xilinx:name="ui.data.coregen.dd@1ea10dbd_ARCHIVE_LOCATION">d:/Github/fpga-power-sidechannel/ip_repo/axi_ro_1.0</xilinx:tag>
        <xilinx:tag xilinx:name="ui.data.coregen.dd@25f22878_ARCHIVE_LOCATION">d:/Github/fpga-power-sidechannel/ip_repo/axi_ro_1.0</xilinx:tag>
        <xilinx:tag xilinx:name="ui.data.coregen.dd@2f1ab788_ARCHIVE_LOCATION">d:/Github/fpga-power-sidechannel/ip_repo/axi_ro_1.0</xilinx:tag>
        <xilinx:tag xilinx:name="ui.data.coregen.dd@11c26b20_ARCHIVE_LOCATION">d:/Github/fpga-power-sidechannel/ip_repo/axi_ro_1.0</xilinx:tag>
        <xilinx:tag xilinx:name="ui.data.coregen.dd@24108d9d_ARCHIVE_LOCATION">d:/Github/fpga-power-sidechannel/ip_repo/axi_ro_1.0</xilinx:tag>
        <xilinx:tag xilinx:name="ui.data.coregen.dd@5f831cfe_ARCHIVE_LOCATION">d:/Github/fpga-power-sidechannel/ip_repo/axi_ro_1.0</xilinx:tag>
        <xilinx:tag xilinx:name="ui.data.coregen.dd@51991339_ARCHIVE_LOCATION">d:/Github/fpga-power-sidechannel/ip_repo/axi_ro_1.0</xilinx:tag>
        <xilinx:tag xilinx:name="ui.data.coregen.dd@5d89691e_ARCHIVE_LOCATION">d:/Github/fpga-power-sidechannel/ip_repo/axi_ro_1.0</xilinx:tag>
        <xilinx:tag xilinx:name="ui.data.coregen.dd@29cf4a92_ARCHIVE_LOCATION">d:/Github/fpga-power-sidechannel/ip_repo/axi_ro_1.0</xilinx:tag>
        <xilinx:tag xilinx:name="ui.data.coregen.dd@a141cc4_ARCHIVE_LOCATION">d:/Github/fpga-power-sidechannel/ip_repo/axi_ro_1.0</xilinx:tag>
        <xilinx:tag xilinx:name="ui.data.coregen.dd@256b0698_ARCHIVE_LOCATION">d:/Github/fpga-power-sidechannel/ip_repo/axi_ro_1.0</xilinx:tag>
        <xilinx:tag xilinx:name="ui.data.coregen.dd@62f2fc61_ARCHIVE_LOCATION">d:/Github/fpga-power-sidechannel/ip_repo/axi_ro_1.0</xilinx:tag>
        <xilinx:tag xilinx:name="ui.data.coregen.dd@4742607b_ARCHIVE_LOCATION">d:/Github/fpga-power-sidechannel/ip_repo/axi_ro_1.0</xilinx:tag>
        <xilinx:tag xilinx:name="ui.data.coregen.dd@5f09f1c2_ARCHIVE_LOCATION">d:/Github/fpga-power-sidechannel/ip_repo/axi_ro_1.0</xilinx:tag>
        <xilinx:tag xilinx:name="ui.data.coregen.dd@58e7115f_ARCHIVE_LOCATION">d:/Github/fpga-power-sidechannel/ip_repo/axi_ro_1.0</xilinx:tag>
        <xilinx:tag xilinx:name="ui.data.coregen.dd@952572c_ARCHIVE_LOCATION">d:/Github/fpga-power-sidechannel/ip_repo/axi_ro_1.0</xilinx:tag>
        <xilinx:tag xilinx:name="ui.data.coregen.dd@96b0efb_ARCHIVE_LOCATION">d:/Github/fpga-power-sidechannel/ip_repo/axi_ro_1.0</xilinx:tag>
        <xilinx:tag xilinx:name="ui.data.coregen.dd@54b5ed2e_ARCHIVE_LOCATION">d:/Github/fpga-power-sidechannel/ip_repo/axi_ro_1.0</xilinx:tag>
        <xilinx:tag xilinx:name="ui.data.coregen.dd@4b92d570_ARCHIVE_LOCATION">d:/Github/fpga-power-sidechannel/ip_repo/axi_ro_1.0</xilinx:tag>
        <xilinx:tag xilinx:name="ui.data.coregen.dd@6eba5544_ARCHIVE_LOCATION">d:/Github/fpga-power-sidechannel/ip_repo/axi_ro_1.0</xilinx:tag>
        <xilinx:tag xilinx:name="ui.data.coregen.dd@7f70f0c2_ARCHIVE_LOCATION">d:/Github/fpga-power-sidechannel/ip_repo/axi_ro_1.0</xilinx:tag>
        <xilinx:tag xilinx:name="ui.data.coregen.dd@6965c831_ARCHIVE_LOCATION">d:/Github/fpga-power-sidechannel/ip_repo/axi_ro_1.0</xilinx:tag>
        <xilinx:tag xilinx:name="ui.data.coregen.dd@5e0f3f83_ARCHIVE_LOCATION">d:/Github/fpga-power-sidechannel/ip_repo/axi_ro_1.0</xilinx:tag>
        <xilinx:tag xilinx:name="ui.data.coregen.dd@11c9bfdb_ARCHIVE_LOCATION">d:/Github/fpga-power-sidechannel/ip_repo/axi_ro_1.0</xilinx:tag>
        <xilinx:tag xilinx:name="ui.data.coregen.dd@6233a5cc_ARCHIVE_LOCATION">d:/Github/fpga-power-sidechannel/ip_repo/axi_ro_1.0</xilinx:tag>
        <xilinx:tag xilinx:name="ui.data.coregen.dd@39aacc72_ARCHIVE_LOCATION">d:/Github/fpga-power-sidechannel/ip_repo/axi_ro_1.0</xilinx:tag>
        <xilinx:tag xilinx:name="ui.data.coregen.dd@7ac4f29c_ARCHIVE_LOCATION">d:/Github/fpga-power-sidechannel/ip_repo/axi_ro_1.0</xilinx:tag>
        <xilinx:tag xilinx:name="ui.data.coregen.dd@496a2307_ARCHIVE_LOCATION">d:/Github/fpga-power-sidechannel/ip_repo/axi_ro_1.0</xilinx:tag>
        <xilinx:tag xilinx:name="ui.data.coregen.dd@612e856d_ARCHIVE_LOCATION">d:/Github/fpga-power-sidechannel/ip_repo/axi_ro_1.0</xilinx:tag>
        <xilinx:tag xilinx:name="ui.data.coregen.dd@7f35b95_ARCHIVE_LOCATION">d:/Github/fpga-power-sidechannel/ip_repo/axi_ro_1.0</xilinx:tag>
        <xilinx:tag xilinx:name="ui.data.coregen.dd@20f4efd4_ARCHIVE_LOCATION">d:/Github/fpga-power-sidechannel/ip_repo/axi_ro_1.0</xilinx:tag>
        <xilinx:tag xilinx:name="ui.data.coregen.dd@1a03154a_ARCHIVE_LOCATION">d:/Github/fpga-power-sidechannel/ip_repo/axi_ro_1.0</xilinx:tag>
        <xilinx:tag xilinx:name="ui.data.coregen.dd@2a41eacc_ARCHIVE_LOCATION">d:/Github/fpga-power-sidechannel/ip_repo/axi_ro_1.0</xilinx:tag>
        <xilinx:tag xilinx:name="ui.data.coregen.dd@7d5d4f0d_ARCHIVE_LOCATION">d:/Github/fpga-power-sidechannel/ip_repo/axi_ro_1.0</xilinx:tag>
        <xilinx:tag xilinx:name="ui.data.coregen.dd@7e43ccd2_ARCHIVE_LOCATION">d:/Github/fpga-power-sidechannel/ip_repo/axi_ro_1.0</xilinx:tag>
        <xilinx:tag xilinx:name="ui.data.coregen.dd@25d9afe1_ARCHIVE_LOCATION">d:/Github/fpga-power-sidechannel/ip_repo/axi_ro_1.0</xilinx:tag>
        <xilinx:tag xilinx:name="ui.data.coregen.dd@101fd43f_ARCHIVE_LOCATION">d:/Github/fpga-power-sidechannel/ip_repo/axi_ro_1.0</xilinx:tag>
        <xilinx:tag xilinx:name="ui.data.coregen.dd@3d7795a7_ARCHIVE_LOCATION">d:/Github/fpga-power-sidechannel/ip_repo/axi_ro_1.0</xilinx:tag>
        <xilinx:tag xilinx:name="ui.data.coregen.dd@77c86f05_ARCHIVE_LOCATION">d:/Github/fpga-power-sidechannel/ip_repo/axi_ro_1.0</xilinx:tag>
        <xilinx:tag xilinx:name="ui.data.coregen.dd@5f3d2cc9_ARCHIVE_LOCATION">d:/Github/fpga-power-sidechannel/ip_repo/axi_ro_1.0</xilinx:tag>
        <xilinx:tag xilinx:name="ui.data.coregen.dd@e59d3cd_ARCHIVE_LOCATION">d:/Github/fpga-power-sidechannel/ip_repo/axi_ro_1.0</xilinx:tag>
        <xilinx:tag xilinx:name="ui.data.coregen.dd@4738044a_ARCHIVE_LOCATION">d:/Github/fpga-power-sidechannel/ip_repo/axi_ro_1.0</xilinx:tag>
        <xilinx:tag xilinx:name="ui.data.coregen.dd@1b505870_ARCHIVE_LOCATION">d:/Github/fpga-power-sidechannel/ip_repo/axi_ro_1.0</xilinx:tag>
        <xilinx:tag xilinx:name="ui.data.coregen.dd@1afea96a_ARCHIVE_LOCATION">d:/Github/fpga-power-sidechannel/ip_repo/axi_ro_1.0</xilinx:tag>
        <xilinx:tag xilinx:name="ui.data.coregen.dd@6cf4d45_ARCHIVE_LOCATION">d:/Github/fpga-power-sidechannel/ip_repo/axi_ro_1.0</xilinx:tag>
        <xilinx:tag xilinx:name="ui.data.coregen.dd@623821ec_ARCHIVE_LOCATION">d:/Github/fpga-power-sidechannel/ip_repo/axi_ro_1.0</xilinx:tag>
        <xilinx:tag xilinx:name="ui.data.coregen.dd@684571af_ARCHIVE_LOCATION">d:/Github/fpga-power-sidechannel/ip_repo/axi_ro_1.0</xilinx:tag>
        <xilinx:tag xilinx:name="ui.data.coregen.dd@3e7c930b_ARCHIVE_LOCATION">d:/Github/fpga-power-sidechannel/ip_repo/axi_ro_1.0</xilinx:tag>
        <xilinx:tag xilinx:name="ui.data.coregen.dd@32328a45_ARCHIVE_LOCATION">d:/Github/fpga-power-sidechannel/ip_repo/axi_ro_1.0</xilinx:tag>
        <xilinx:tag xilinx:name="ui.data.coregen.dd@24413b53_ARCHIVE_LOCATION">d:/Github/fpga-power-sidechannel/ip_repo/axi_ro_1.0</xilinx:tag>
        <xilinx:tag xilinx:name="ui.data.coregen.dd@7991a26_ARCHIVE_LOCATION">d:/Github/fpga-power-sidechannel/ip_repo/axi_ro_1.0</xilinx:tag>
        <xilinx:tag xilinx:name="ui.data.coregen.dd@7dff574a_ARCHIVE_LOCATION">d:/Github/fpga-power-sidechannel/ip_repo/axi_ro_1.0</xilinx:tag>
        <xilinx:tag xilinx:name="ui.data.coregen.dd@72b5643f_ARCHIVE_LOCATION">d:/Github/fpga-power-sidechannel/ip_repo/axi_ro_1.0</xilinx:tag>
        <xilinx:tag xilinx:name="ui.data.coregen.dd@589db747_ARCHIVE_LOCATION">d:/Github/fpga-power-sidechannel/ip_repo/axi_ro_1.0</xilinx:tag>
        <xilinx:tag xilinx:name="ui.data.coregen.dd@75ceb833_ARCHIVE_LOCATION">d:/Github/fpga-power-sidechannel/ip_repo/axi_ro_1.0</xilinx:tag>
        <xilinx:tag xilinx:name="ui.data.coregen.dd@72ea6058_ARCHIVE_LOCATION">d:/Github/fpga-power-sidechannel/ip_repo/axi_ro_1.0</xilinx:tag>
        <xilinx:tag xilinx:name="ui.data.coregen.dd@2c0bad34_ARCHIVE_LOCATION">d:/Github/fpga-power-sidechannel/ip_repo/axi_ro_1.0</xilinx:tag>
        <xilinx:tag xilinx:name="ui.data.coregen.dd@6277904_ARCHIVE_LOCATION">d:/Github/fpga-power-sidechannel/ip_repo/axi_ro_1.0</xilinx:tag>
        <xilinx:tag xilinx:name="ui.data.coregen.dd@e29d1e3_ARCHIVE_LOCATION">d:/Github/fpga-power-sidechannel/ip_repo/axi_ro_1.0</xilinx:tag>
        <xilinx:tag xilinx:name="ui.data.coregen.dd@3abd571d_ARCHIVE_LOCATION">d:/Github/fpga-power-sidechannel/ip_repo/axi_ro_1.0</xilinx:tag>
        <xilinx:tag xilinx:name="ui.data.coregen.dd@735e23ca_ARCHIVE_LOCATION">d:/Github/fpga-power-sidechannel/ip_repo/axi_ro_1.0</xilinx:tag>
        <xilinx:tag xilinx:name="ui.data.coregen.dd@1d3e2862_ARCHIVE_LOCATION">d:/Github/fpga-power-sidechannel/ip_repo/axi_ro_1.0</xilinx:tag>
        <xilinx:tag xilinx:name="ui.data.coregen.dd@261348c_ARCHIVE_LOCATION">d:/Github/fpga-power-sidechannel/ip_repo/axi_ro_1.0</xilinx:tag>
        <xilinx:tag xilinx:name="ui.data.coregen.dd@1d871ee4_ARCHIVE_LOCATION">d:/Github/fpga-power-sidechannel/ip_repo/axi_ro_1.0</xilinx:tag>
        <xilinx:tag xilinx:name="ui.data.coregen.dd@15dfead0_ARCHIVE_LOCATION">d:/Github/fpga-power-sidechannel/ip_repo/axi_ro_1.0</xilinx:tag>
        <xilinx:tag xilinx:name="ui.data.coregen.dd@6de55166_ARCHIVE_LOCATION">d:/Github/fpga-power-sidechannel/ip_repo/axi_ro_1.0</xilinx:tag>
        <xilinx:tag xilinx:name="ui.data.coregen.dd@4e823b29_ARCHIVE_LOCATION">d:/Github/fpga-power-sidechannel/ip_repo/axi_ro_1.0</xilinx:tag>
        <xilinx:tag xilinx:name="ui.data.coregen.dd@4d7d4a6e_ARCHIVE_LOCATION">d:/Github/fpga-power-sidechannel/ip_repo/axi_ro_1.0</xilinx:tag>
        <xilinx:tag xilinx:name="ui.data.coregen.dd@3dfb5707_ARCHIVE_LOCATION">d:/Github/fpga-power-sidechannel/ip_repo/axi_ro_1.0</xilinx:tag>
        <xilinx:tag xilinx:name="ui.data.coregen.dd@60561c65_ARCHIVE_LOCATION">d:/Github/fpga-power-sidechannel/ip_repo/axi_ro_1.0</xilinx:tag>
        <xilinx:tag xilinx:name="ui.data.coregen.dd@5fd2cc1_ARCHIVE_LOCATION">d:/Github/fpga-power-sidechannel/ip_repo/axi_ro_1.0</xilinx:tag>
        <xilinx:tag xilinx:name="ui.data.coregen.dd@57bd8ca3_ARCHIVE_LOCATION">d:/Github/fpga-power-sidechannel/ip_repo/axi_ro_1.0</xilinx:tag>
        <xilinx:tag xilinx:name="ui.data.coregen.dd@3ac66be0_ARCHIVE_LOCATION">d:/Github/fpga-power-sidechannel/ip_repo/axi_ro_1.0</xilinx:tag>
        <xilinx:tag xilinx:name="ui.data.coregen.dd@405762f_ARCHIVE_LOCATION">d:/Github/fpga-power-sidechannel/ip_repo/axi_ro_1.0</xilinx:tag>
        <xilinx:tag xilinx:name="ui.data.coregen.dd@35263cf_ARCHIVE_LOCATION">d:/Github/fpga-power-sidechannel/ip_repo/axi_ro_1.0</xilinx:tag>
        <xilinx:tag xilinx:name="ui.data.coregen.dd@4c3f5c45_ARCHIVE_LOCATION">d:/Github/fpga-power-sidechannel/ip_repo/axi_ro_1.0</xilinx:tag>
        <xilinx:tag xilinx:name="ui.data.coregen.dd@6930f6f3_ARCHIVE_LOCATION">d:/Github/fpga-power-sidechannel/ip_repo/axi_ro_1.0</xilinx:tag>
        <xilinx:tag xilinx:name="ui.data.coregen.dd@601f3ac3_ARCHIVE_LOCATION">d:/Github/fpga-power-sidechannel/ip_repo/axi_ro_1.0</xilinx:tag>
        <xilinx:tag xilinx:name="ui.data.coregen.dd@7da6129e_ARCHIVE_LOCATION">d:/Github/fpga-power-sidechannel/ip_repo/axi_ro_1.0</xilinx:tag>
        <xilinx:tag xilinx:name="ui.data.coregen.dd@58b4fd56_ARCHIVE_LOCATION">d:/Github/fpga-power-sidechannel/ip_repo/axi_ro_1.0</xilinx:tag>
        <xilinx:tag xilinx:name="ui.data.coregen.dd@2210bdbd_ARCHIVE_LOCATION">d:/Github/fpga-power-sidechannel/ip_repo/axi_ro_1.0</xilinx:tag>
        <xilinx:tag xilinx:name="ui.data.coregen.dd@7475b79f_ARCHIVE_LOCATION">d:/Github/fpga-power-sidechannel/ip_repo/axi_ro_1.0</xilinx:tag>
        <xilinx:tag xilinx:name="ui.data.coregen.dd@5b071c11_ARCHIVE_LOCATION">d:/Github/fpga-power-sidechannel/ip_repo/axi_ro_1.0</xilinx:tag>
        <xilinx:tag xilinx:name="ui.data.coregen.dd@4549ecd9_ARCHIVE_LOCATION">d:/Github/fpga-power-sidechannel/ip_repo/axi_ro_1.0</xilinx:tag>
        <xilinx:tag xilinx:name="ui.data.coregen.dd@58933566_ARCHIVE_LOCATION">d:/Github/fpga-power-sidechannel/ip_repo/axi_ro_1.0</xilinx:tag>
        <xilinx:tag xilinx:name="ui.data.coregen.dd@7eb82bee_ARCHIVE_LOCATION">d:/Github/fpga-power-sidechannel/ip_repo/axi_ro_1.0</xilinx:tag>
        <xilinx:tag xilinx:name="ui.data.coregen.dd@20c037f5_ARCHIVE_LOCATION">d:/Github/fpga-power-sidechannel/ip_repo/axi_ro_1.0</xilinx:tag>
        <xilinx:tag xilinx:name="ui.data.coregen.dd@6e2cded5_ARCHIVE_LOCATION">d:/Github/fpga-power-sidechannel/ip_repo/axi_ro_1.0</xilinx:tag>
        <xilinx:tag xilinx:name="ui.data.coregen.dd@5024170d_ARCHIVE_LOCATION">d:/Github/fpga-power-sidechannel/ip_repo/axi_ro_1.0</xilinx:tag>
        <xilinx:tag xilinx:name="ui.data.coregen.dd@625993d3_ARCHIVE_LOCATION">d:/Github/fpga-power-sidechannel/ip_repo/axi_ro_1.0</xilinx:tag>
        <xilinx:tag xilinx:name="ui.data.coregen.dd@57a5a66f_ARCHIVE_LOCATION">d:/Github/fpga-power-sidechannel/ip_repo/axi_ro_1.0</xilinx:tag>
        <xilinx:tag xilinx:name="ui.data.coregen.dd@45d725ca_ARCHIVE_LOCATION">d:/Github/fpga-power-sidechannel/ip_repo/axi_ro_1.0</xilinx:tag>
        <xilinx:tag xilinx:name="ui.data.coregen.dd@6c993c21_ARCHIVE_LOCATION">d:/Github/fpga-power-sidechannel/ip_repo/axi_ro_1.0</xilinx:tag>
        <xilinx:tag xilinx:name="ui.data.coregen.dd@56019d58_ARCHIVE_LOCATION">d:/Github/fpga-power-sidechannel/ip_repo/axi_ro_1.0</xilinx:tag>
        <xilinx:tag xilinx:name="ui.data.coregen.dd@6e8e5779_ARCHIVE_LOCATION">d:/Github/fpga-power-sidechannel/ip_repo/axi_ro_1.0</xilinx:tag>
        <xilinx:tag xilinx:name="ui.data.coregen.dd@7b5d8ecd_ARCHIVE_LOCATION">d:/Github/fpga-power-sidechannel/ip_repo/axi_ro_1.0</xilinx:tag>
        <xilinx:tag xilinx:name="ui.data.coregen.dd@237f6790_ARCHIVE_LOCATION">d:/Github/fpga-power-sidechannel/ip_repo/axi_ro_1.0</xilinx:tag>
        <xilinx:tag xilinx:name="ui.data.coregen.dd@17c07343_ARCHIVE_LOCATION">d:/Github/fpga-power-sidechannel/ip_repo/axi_ro_1.0</xilinx:tag>
        <xilinx:tag xilinx:name="ui.data.coregen.dd@24734b20_ARCHIVE_LOCATION">d:/Github/fpga-power-sidechannel/ip_repo/axi_ro_1.0</xilinx:tag>
        <xilinx:tag xilinx:name="ui.data.coregen.dd@dc7d1bb_ARCHIVE_LOCATION">d:/Github/fpga-power-sidechannel/ip_repo/axi_ro_1.0</xilinx:tag>
        <xilinx:tag xilinx:name="ui.data.coregen.dd@f0c16c5_ARCHIVE_LOCATION">d:/Github/fpga-power-sidechannel/ip_repo/axi_ro_1.0</xilinx:tag>
        <xilinx:tag xilinx:name="ui.data.coregen.dd@7c991d42_ARCHIVE_LOCATION">d:/Github/fpga-power-sidechannel/ip_repo/axi_ro_1.0</xilinx:tag>
        <xilinx:tag xilinx:name="ui.data.coregen.dd@32baf432_ARCHIVE_LOCATION">d:/Github/fpga-power-sidechannel/ip_repo/axi_ro_1.0</xilinx:tag>
        <xilinx:tag xilinx:name="ui.data.coregen.dd@2d802312_ARCHIVE_LOCATION">d:/Github/fpga-power-sidechannel/ip_repo/axi_ro_1.0</xilinx:tag>
        <xilinx:tag xilinx:name="ui.data.coregen.dd@24a8f06b_ARCHIVE_LOCATION">d:/Github/fpga-power-sidechannel/ip_repo/axi_ro_1.0</xilinx:tag>
        <xilinx:tag xilinx:name="ui.data.coregen.dd@31d62e1_ARCHIVE_LOCATION">d:/Github/fpga-power-sidechannel/ip_repo/axi_ro_1.0</xilinx:tag>
        <xilinx:tag xilinx:name="ui.data.coregen.dd@4d33fb1b_ARCHIVE_LOCATION">d:/Github/fpga-power-sidechannel/ip_repo/axi_ro_1.0</xilinx:tag>
        <xilinx:tag xilinx:name="ui.data.coregen.dd@389013ca_ARCHIVE_LOCATION">d:/Github/fpga-power-sidechannel/ip_repo/axi_ro_1.0</xilinx:tag>
        <xilinx:tag xilinx:name="ui.data.coregen.dd@58f84f6b_ARCHIVE_LOCATION">d:/Github/fpga-power-sidechannel/ip_repo/axi_ro_1.0</xilinx:tag>
        <xilinx:tag xilinx:name="ui.data.coregen.dd@61eaa13d_ARCHIVE_LOCATION">d:/Github/fpga-power-sidechannel/ip_repo/axi_ro_1.0</xilinx:tag>
        <xilinx:tag xilinx:name="ui.data.coregen.dd@2fab4120_ARCHIVE_LOCATION">d:/Github/fpga-power-sidechannel/ip_repo/axi_ro_1.0</xilinx:tag>
        <xilinx:tag xilinx:name="ui.data.coregen.dd@709afd39_ARCHIVE_LOCATION">d:/Github/fpga-power-sidechannel/ip_repo/axi_ro_1.0</xilinx:tag>
        <xilinx:tag xilinx:name="ui.data.coregen.dd@2454300f_ARCHIVE_LOCATION">d:/Github/fpga-power-sidechannel/ip_repo/axi_ro_1.0</xilinx:tag>
        <xilinx:tag xilinx:name="ui.data.coregen.dd@f3694f9_ARCHIVE_LOCATION">d:/Github/fpga-power-sidechannel/ip_repo/axi_ro_1.0</xilinx:tag>
        <xilinx:tag xilinx:name="ui.data.coregen.dd@72015c3a_ARCHIVE_LOCATION">d:/Github/fpga-power-sidechannel/ip_repo/axi_ro_1.0</xilinx:tag>
        <xilinx:tag xilinx:name="ui.data.coregen.dd@73cbf00b_ARCHIVE_LOCATION">d:/Github/fpga-power-sidechannel/ip_repo/axi_ro_1.0</xilinx:tag>
        <xilinx:tag xilinx:name="ui.data.coregen.dd@7b539324_ARCHIVE_LOCATION">d:/Github/fpga-power-sidechannel/ip_repo/axi_ro_1.0</xilinx:tag>
        <xilinx:tag xilinx:name="ui.data.coregen.dd@5138f401_ARCHIVE_LOCATION">d:/Github/fpga-power-sidechannel/ip_repo/axi_ro_1.0</xilinx:tag>
        <xilinx:tag xilinx:name="ui.data.coregen.dd@6e9ea9bf_ARCHIVE_LOCATION">d:/Github/fpga-power-sidechannel/ip_repo/axi_ro_1.0</xilinx:tag>
        <xilinx:tag xilinx:name="ui.data.coregen.dd@f53fa9e_ARCHIVE_LOCATION">d:/Github/fpga-power-sidechannel/ip_repo/axi_ro_1.0</xilinx:tag>
        <xilinx:tag xilinx:name="ui.data.coregen.dd@579851ce_ARCHIVE_LOCATION">d:/Github/fpga-power-sidechannel/ip_repo/axi_ro_1.0</xilinx:tag>
        <xilinx:tag xilinx:name="ui.data.coregen.dd@12a6995b_ARCHIVE_LOCATION">d:/Github/fpga-power-sidechannel/ip_repo/axi_ro_1.0</xilinx:tag>
        <xilinx:tag xilinx:name="ui.data.coregen.dd@66ccfaf8_ARCHIVE_LOCATION">d:/Github/fpga-power-sidechannel/ip_repo/axi_ro_1.0</xilinx:tag>
        <xilinx:tag xilinx:name="ui.data.coregen.dd@6edabda5_ARCHIVE_LOCATION">d:/Github/fpga-power-sidechannel/ip_repo/axi_ro_1.0</xilinx:tag>
        <xilinx:tag xilinx:name="ui.data.coregen.dd@2bb9bff7_ARCHIVE_LOCATION">d:/Github/fpga-power-sidechannel/ip_repo/axi_ro_1.0</xilinx:tag>
        <xilinx:tag xilinx:name="ui.data.coregen.dd@1300a109_ARCHIVE_LOCATION">d:/Github/fpga-power-sidechannel/ip_repo/axi_ro_1.0</xilinx:tag>
        <xilinx:tag xilinx:name="ui.data.coregen.dd@46a2cf17_ARCHIVE_LOCATION">d:/Github/fpga-power-sidechannel/ip_repo/axi_ro_1.0</xilinx:tag>
        <xilinx:tag xilinx:name="ui.data.coregen.dd@fe2d291_ARCHIVE_LOCATION">d:/Github/fpga-power-sidechannel/ip_repo/axi_ro_1.0</xilinx:tag>
        <xilinx:tag xilinx:name="ui.data.coregen.dd@6038b608_ARCHIVE_LOCATION">d:/Github/fpga-power-sidechannel/ip_repo/axi_ro_1.0</xilinx:tag>
        <xilinx:tag xilinx:name="ui.data.coregen.dd@420c0416_ARCHIVE_LOCATION">d:/Github/fpga-power-sidechannel/ip_repo/axi_ro_1.0</xilinx:tag>
        <xilinx:tag xilinx:name="ui.data.coregen.dd@63b89ac9_ARCHIVE_LOCATION">d:/Github/fpga-power-sidechannel/ip_repo/axi_ro_1.0</xilinx:tag>
        <xilinx:tag xilinx:name="ui.data.coregen.dd@e4dcbb0_ARCHIVE_LOCATION">d:/Github/fpga-power-sidechannel/ip_repo/axi_ro_1.0</xilinx:tag>
        <xilinx:tag xilinx:name="ui.data.coregen.dd@4e1f5fc_ARCHIVE_LOCATION">d:/Github/fpga-power-sidechannel/ip_repo/axi_ro_1.0</xilinx:tag>
        <xilinx:tag xilinx:name="ui.data.coregen.dd@65ffa440_ARCHIVE_LOCATION">d:/Github/fpga-power-sidechannel/ip_repo/axi_ro_1.0</xilinx:tag>
        <xilinx:tag xilinx:name="ui.data.coregen.dd@74e8ce81_ARCHIVE_LOCATION">d:/Github/fpga-power-sidechannel/ip_repo/axi_ro_1.0</xilinx:tag>
        <xilinx:tag xilinx:name="ui.data.coregen.dd@254cee68_ARCHIVE_LOCATION">d:/Github/fpga-power-sidechannel/ip_repo/axi_ro_1.0</xilinx:tag>
        <xilinx:tag xilinx:name="ui.data.coregen.dd@1edf7ad_ARCHIVE_LOCATION">d:/Github/fpga-power-sidechannel/ip_repo/axi_ro_1.0</xilinx:tag>
        <xilinx:tag xilinx:name="ui.data.coregen.dd@3b6dc77a_ARCHIVE_LOCATION">d:/Github/fpga-power-sidechannel/ip_repo/axi_ro_1.0</xilinx:tag>
        <xilinx:tag xilinx:name="ui.data.coregen.dd@59c21279_ARCHIVE_LOCATION">d:/Github/fpga-power-sidechannel/ip_repo/axi_ro_1.0</xilinx:tag>
        <xilinx:tag xilinx:name="ui.data.coregen.dd@761c9439_ARCHIVE_LOCATION">d:/Github/fpga-power-sidechannel/ip_repo/axi_ro_1.0</xilinx:tag>
        <xilinx:tag xilinx:name="ui.data.coregen.dd@399854c7_ARCHIVE_LOCATION">d:/Github/fpga-power-sidechannel/ip_repo/axi_ro_1.0</xilinx:tag>
        <xilinx:tag xilinx:name="ui.data.coregen.dd@276b9b41_ARCHIVE_LOCATION">d:/Github/fpga-power-sidechannel/ip_repo/axi_ro_1.0</xilinx:tag>
        <xilinx:tag xilinx:name="ui.data.coregen.dd@6a2a9e2f_ARCHIVE_LOCATION">d:/Github/fpga-power-sidechannel/ip_repo/axi_ro_1.0</xilinx:tag>
        <xilinx:tag xilinx:name="ui.data.coregen.dd@a87bcf9_ARCHIVE_LOCATION">d:/Github/fpga-power-sidechannel/ip_repo/axi_ro_1.0</xilinx:tag>
        <xilinx:tag xilinx:name="ui.data.coregen.dd@19f3871b_ARCHIVE_LOCATION">d:/Github/fpga-power-sidechannel/ip_repo/axi_ro_1.0</xilinx:tag>
        <xilinx:tag xilinx:name="ui.data.coregen.dd@43b19680_ARCHIVE_LOCATION">d:/Github/fpga-power-sidechannel/ip_repo/axi_ro_1.0</xilinx:tag>
        <xilinx:tag xilinx:name="ui.data.coregen.dd@38c1d0d8_ARCHIVE_LOCATION">d:/Github/fpga-power-sidechannel/ip_repo/axi_ro_1.0</xilinx:tag>
      </xilinx:tags>
    </xilinx:coreExtensions>
    <xilinx:packagingInfo>
      <xilinx:xilinxVersion>2020.1</xilinx:xilinxVersion>
      <xilinx:checksum xilinx:scope="busInterfaces" xilinx:value="73dee1bd"/>
      <xilinx:checksum xilinx:scope="memoryMaps" xilinx:value="a7773e0d"/>
      <xilinx:checksum xilinx:scope="fileGroups" xilinx:value="962d5faa"/>
      <xilinx:checksum xilinx:scope="ports" xilinx:value="20159456"/>
      <xilinx:checksum xilinx:scope="hdlParameters" xilinx:value="9dd65654"/>
      <xilinx:checksum xilinx:scope="parameters" xilinx:value="c153d01a"/>
    </xilinx:packagingInfo>
  </spirit:vendorExtensions>
</spirit:component>
